{
  "frames": [
    {
      "filename": "Majin_Sonic_Idle_1.png",
      "frame": {
        "x": 0,
        "y": 0,
        "w": 86,
        "h": 112
      },
      "rotated": false,
      "trimmed": false,
      "spriteSourceSize": {
        "x": 0,
        "y": 0,
        "w": 86,
        "h": 112
      },
      "sourceSize": {
        "w": 86,
        "h": 112
      },
      "pivot": {
        "x": 0.5,
        "y": 0.5
      }
    },
    {
      "filename": "Majin_Sonic_Idle_0.png",
      "frame": {
        "x": 0,
        "y": 112,
        "w": 85,
        "h": 112
      },
      "rotated": false,
      "trimmed": false,
      "spriteSourceSize": {
        "x": 0,
        "y": 0,
        "w": 85,
        "h": 112
      },
      "sourceSize": {
        "w": 85,
        "h": 112
      },
      "pivot": {
        "x": 0.5,
        "y": 0.5
      }
    },
    {
      "filename": "Majin_Sonic_Idle_2.png",
      "frame": {
        "x": 0,
        "y": 224,
        "w": 85,
        "h": 111
      },
      "rotated": false,
      "trimmed": false,
      "spriteSourceSize": {
        "x": 0,
        "y": 0,
        "w": 85,
        "h": 111
      },
      "sourceSize": {
        "w": 85,
        "h": 111
      },
      "pivot": {
        "x": 0.5,
        "y": 0.5
      }
    },
    {
      "filename": "Majin_Sonic_Idle_5.png",
      "frame": {
        "x": 0,
        "y": 335,
        "w": 84,
        "h": 111
      },
      "rotated": false,
      "trimmed": false,
      "spriteSourceSize": {
        "x": 0,
        "y": 0,
        "w": 84,
        "h": 111
      },
      "sourceSize": {
        "w": 84,
        "h": 111
      },
      "pivot": {
        "x": 0.5,
        "y": 0.5
      }
    },
    {
      "filename": "Majin_Sonic_Idle_4.png",
      "frame": {
        "x": 0,
        "y": 446,
        "w": 89,
        "h": 110
      },
      "rotated": false,
      "trimmed": false,
      "spriteSourceSize": {
        "x": 0,
        "y": 0,
        "w": 89,
        "h": 110
      },
      "sourceSize": {
        "w": 89,
        "h": 110
      },
      "pivot": {
        "x": 0.5,
        "y": 0.5
      }
    },
    {
      "filename": "Majin_Sonic_Idle_3.png",
      "frame": {
        "x": 84,
        "y": 335,
        "w": 90,
        "h": 109
      },
      "rotated": false,
      "trimmed": false,
      "spriteSourceSize": {
        "x": 0,
        "y": 0,
        "w": 90,
        "h": 109
      },
      "sourceSize": {
        "w": 90,
        "h": 109
      },
      "pivot": {
        "x": 0.5,
        "y": 0.5
      }
    }
  ],
  "meta": {
    "app": "http://free-tex-packer.com",
    "version": "0.6.7",
    "image": "Majin_Sonic_Idle_Animation.png",
    "format": "RGBA8888",
    "size": {
      "w": 174,
      "h": 556
    },
    "scale": 1
  }
}